date,avg_price,volume,ticker
2023-01-01,16561.335,335220861.58,BTC
2023-01-02,16656.11,503360386.62,BTC
2023-01-03,16685.855,628582193.83,BTC
2023-01-04,16811.82,990689260.54,BTC
2023-01-05,16817.239999999998,524511536.58,BTC
2023-01-06,16850.595,883642131.54,BTC
2023-01-07,16939.004999999997,196915427.54,BTC
2023-01-08,17022.745,359149910.85,BTC
2023-01-09,17245.395,1271943559.93,BTC
2023-01-10,17316.465,997764944.91,BTC
2023-01-11,17655.58,1113334370.52,BTC
2023-01-12,18499.355000000003,2252897545.61,BTC
2023-01-13,19354.84,1820146569.6,BTC
2023-01-14,20575.46,2223938908.13,BTC
2023-01-15,20811.675,924310249.74,BTC
2023-01-16,21037.36,1399257790.94,BTC
2023-01-17,21210.795,1181967488.8,BTC
2023-01-18,21018.14,1733563128.99,BTC
2023-01-19,20925.71,1141134569.38,BTC
2023-01-20,21804.574999999997,1793127005.71,BTC
2023-01-21,22896.48,2212422402.47,BTC
2023-01-22,22707.675000000003,1419749432.93,BTC
2023-01-23,22870.165,1622068993.43,BTC
2023-01-24,22822.309999999998,1788469593.53,BTC
2023-01-25,23077.82,2010835832.21,BTC
2023-01-26,23069.21,1477492373.79,BTC
2023-01-27,23039.795,1499524205.45,BTC
2023-01-28,23038.635000000002,465656885.65,BTC
2023-01-29,23464.73,1356557545.16,BTC
2023-01-30,23186.815,1699735992.01,BTC
2023-01-31,22998.275,1144361734.86,BTC
2023-02-01,23296.115,1166002955.1,BTC
2023-02-02,23826.11,1378661476.28,BTC
2023-02-03,23470.335,961229252.16,BTC
2023-02-04,23425.53,334962158.54,BTC
2023-02-05,23113.33,628865943.88,BTC
2023-02-06,22901.715,918256802.27,BTC
2023-02-07,23047.945,852489794.18,BTC
2023-02-08,23048.120000000003,746102368.06,BTC
2023-02-09,22370.915,1626493846.29,BTC
2023-02-10,21717.7,1139170302.72,BTC
2023-02-11,21754.364999999998,371394433.41,BTC
2023-02-12,21870.55,601407332.2,BTC
2023-02-13,21651.34,1271661452.37,BTC
2023-02-14,21947.985,1121665134.71,BTC
2023-02-15,23199.215,1636571319.77,BTC
2023-02-16,24377.895,2195432803.47,BTC
2023-02-17,24190.65,2024871806.46,BTC
2023-02-18,24654.629999999997,550069111.96,BTC
2023-02-19,24714.205,1073608902.53,BTC
2023-02-20,24485.995,1341924666.63,BTC
2023-02-21,24692.475,1699888067.11,BTC
2023-02-22,24034.775,1707889533.14,BTC
2023-02-23,24112.185,1630064365.85,BTC
2023-02-24,23478.120000000003,1610829236.2,BTC
2023-02-25,23013.695,569329617.92,BTC
2023-02-26,23369.71,632282012.46,BTC
2023-02-27,23516.285,1057863335.56,BTC
2023-02-28,23316.96,814380395.42,BTC
2023-03-01,23508.120000000003,1070132297.9,BTC
2023-03-02,23502.6,813452928.16,BTC
2023-03-03,22806.06,1328714697.97,BTC
2023-03-04,22293.934999999998,264342272.32,BTC
2023-03-05,22440.985,468467084.05,BTC
2023-03-06,22453.5,607585243.32,BTC
2023-03-07,22246.12,865083425.31,BTC
2023-03-08,21945.46,907354581.02,BTC
2023-03-09,20968.44,1584851678.8,BTC
2023-03-10,19985.36,2103890132.26,BTC
2023-03-11,20371.605000000003,1416403424.21,BTC
2023-03-12,21334.6,1352204877.06,BTC
2023-03-13,23246.425,2198916015.73,BTC
2023-03-14,25297.120000000003,2783419006.43,BTC
2023-03-15,24609.245000000003,1826358018.09,BTC
2023-03-16,24715.84,1372954004.0,BTC
2023-03-17,26364.39,2554985216.53,BTC
2023-03-18,27202.565000000002,1335463761.57,BTC
2023-03-19,27671.535,1337898482.67,BTC
2023-03-20,27883.83,1838684361.11,BTC
2023-03-21,27955.835,1282225223.57,BTC
2023-03-22,27789.835,2277940781.79,BTC
2023-03-23,27998.975,1769187941.89,BTC
2023-03-24,27738.35,1456957038.0,BTC
2023-03-25,27503.25,618098148.62,BTC
2023-03-26,27833.245000000003,734596186.26,BTC
2023-03-27,27298.395,1256153698.38,BTC
2023-03-28,27082.945,997573892.51,BTC
2023-03-29,27948.965,1396887121.69,BTC
2023-03-30,28453.16,1666973949.92,BTC
2023-03-31,28102.23,1278854661.75,BTC
2023-04-01,28540.230000000003,446928904.2,BTC
2023-04-02,28211.239999999998,461356032.51,BTC
2023-04-03,27895.405,1328993515.18,BTC
2023-04-04,28056.715,911124090.2,BTC
2023-04-05,28304.54,1072312476.98,BTC
2023-04-06,27963.785,730428566.02,BTC
2023-04-07,27948.82,407205241.71,BTC
2023-04-08,28024.14,259437156.74,BTC
2023-04-09,28182.415,459285638.27,BTC
2023-04-10,28978.285,1211248945.3,BTC
2023-04-11,30085.42,1420381272.66,BTC
2023-04-12,30105.265,1094799669.68,BTC
2023-04-13,30242.915,967351995.59,BTC
2023-04-14,30518.05,1491399385.72,BTC
2023-04-15,30426.36,413221716.15,BTC
2023-04-16,30358.955,524392638.12,BTC
2023-04-17,29798.614999999998,1037503329.39,BTC
2023-04-18,29810.265,1095189891.18,BTC
2023-04-19,29517.765,1600523152.28,BTC
2023-04-20,28551.035,1180562733.76,BTC
2023-04-21,27769.32,1207725781.37,BTC
2023-04-22,27517.135000000002,479603472.21,BTC
2023-04-23,27587.425,504160726.43,BTC
2023-04-24,27493.6,940115640.57,BTC
2023-04-25,27797.690000000002,876191270.4,BTC
2023-04-26,28638.870000000003,2278451179.33,BTC
2023-04-27,29144.15,1850604653.99,BTC
2023-04-28,29260.55,1030276785.7,BTC
2023-04-29,29267.955,332020115.89,BTC
2023-04-30,29536.3,685897041.94,BTC
2023-05-01,28510.505,1246630368.83,BTC
2023-05-02,28397.545,927486609.7,BTC
2023-05-03,28715.04,1150554649.51,BTC
2023-05-04,29039.59,799149017.42,BTC
2023-05-05,29276.745,1039027772.96,BTC
2023-05-06,29151.54,713641803.94,BTC
2023-05-07,28879.64,480627306.93,BTC
2023-05-08,28091.214999999997,1136175854.67,BTC
2023-05-09,27736.995,634693185.14,BTC
2023-05-10,27585.489999999998,1162217682.96,BTC
2023-05-11,27187.195,802346192.21,BTC
2023-05-12,26463.114999999998,1123450368.34,BTC
2023-05-13,26874.475,335722601.8,BTC
2023-05-14,26900.735,319668371.39,BTC
2023-05-15,27213.739999999998,764041771.98,BTC
2023-05-16,27087.21,649282623.49,BTC
2023-05-17,27026.72,788279620.49,BTC
2023-05-18,26928.15,749234030.86,BTC
2023-05-19,26923.76,442561192.0,BTC
2023-05-20,27002.364999999998,199050865.32,BTC
2023-05-21,26985.565000000002,322799242.35,BTC
2023-05-22,26816.175000000003,474287648.56,BTC
2023-05-23,27144.18,578611517.74,BTC
2023-05-24,26658.975,843296169.29,BTC
2023-05-25,26243.885000000002,604389199.53,BTC
2023-05-26,26639.815,542617989.88,BTC
2023-05-27,26743.739999999998,198605797.63,BTC
2023-05-28,27519.545,543751511.42,BTC
2023-05-29,27998.765,604161699.4,BTC
2023-05-30,27810.83,656814149.04,BTC
2023-05-31,27345.195,770131646.3,BTC
2023-06-01,26988.08,645324727.67,BTC
2023-06-02,26912.114999999998,643162971.0,BTC
2023-06-03,27138.605,219785033.16,BTC
2023-06-04,27207.665,248793311.51,BTC
2023-06-05,26273.434999999998,973121005.98,BTC
2023-06-06,26380.245000000003,1007782393.96,BTC
2023-06-07,26777.7,816508052.84,BTC
2023-06-08,26520.79,401604313.0,BTC
2023-06-09,26534.114999999998,439912147.38,BTC
2023-06-10,25978.815000000002,809187356.13,BTC
2023-06-11,25935.07,341057974.45,BTC
2023-06-12,25864.489999999998,441188405.58,BTC
2023-06-13,26071.41,599487905.69,BTC
2023-06-14,25455.309999999998,684056303.1,BTC
2023-06-15,25253.355,824201465.11,BTC
2023-06-16,25842.385000000002,715401866.52,BTC
2023-06-17,26475.85,331591669.75,BTC
2023-06-18,26473.755,248624880.04,BTC
2023-06-19,26650.83,477713441.96,BTC
2023-06-20,27527.71,1265530107.38,BTC
2023-06-21,29528.715,1710075101.48,BTC
2023-06-22,30055.69,1034077333.64,BTC
2023-06-23,30617.235,1263857697.39,BTC
2023-06-24,30544.17,399256498.04,BTC
2023-06-25,30674.635000000002,410384145.76,BTC
2023-06-26,30294.735,656487409.95,BTC
2023-06-27,30622.895,683163079.08,BTC
2023-06-28,30288.305,577536151.3,BTC
2023-06-29,30438.53,654120553.86,BTC
2023-06-30,30368.975,1438707503.25,BTC
2023-07-01,30487.27,221634243.18,BTC
2023-07-02,30485.045,264438993.35,BTC
2023-07-03,30981.934999999998,606995802.76,BTC
2023-07-04,30984.989999999998,411450957.26,BTC
2023-07-05,30539.114999999998,484235780.2,BTC
2023-07-06,30695.145,942103548.67,BTC
2023-07-07,30087.8,584908167.72,BTC
2023-07-08,30219.925,192238272.3,BTC
2023-07-09,30257.84,216124236.01,BTC
2023-07-10,30504.715,674592681.26,BTC
2023-07-11,30560.004999999997,539220942.45,BTC
2023-07-12,30595.879999999997,755704294.14,BTC
2023-07-13,31052.015,1314075890.88,BTC
2023-07-14,30783.04,1021600213.08,BTC
2023-07-15,30331.015,149344124.18,BTC
2023-07-16,30267.29,224532522.64,BTC
2023-07-17,30007.595,558752237.54,BTC
2023-07-18,29891.145,560798877.42,BTC
2023-07-19,29979.440000000002,446435257.92,BTC
2023-07-20,29997.89,577250260.25,BTC
2023-07-21,29898.565000000002,395907301.04,BTC
2023-07-22,29817.87,182484169.27,BTC
2023-07-23,30042.24,244328645.64,BTC
2023-07-24,29479.36,744538575.95,BTC
2023-07-25,29211.04,354541899.17,BTC
2023-07-26,29390.895,486510821.91,BTC
2023-07-27,29324.515,373268935.18,BTC
2023-07-28,29324.845,342975082.63,BTC
2023-07-29,29332.355,146316009.97,BTC
2023-07-30,29246.635000000002,224246250.77,BTC
2023-07-31,29316.905,426457343.16,BTC
2023-08-01,29142.785,822433494.24,BTC
2023-08-02,29471.760000000002,838251477.68,BTC
2023-08-03,29171.32,450334651.17,BTC
2023-08-04,29051.73,375805085.38,BTC
2023-08-05,29032.67,120051247.27,BTC
2023-08-06,29063.785,126689336.09,BTC
2023-08-07,28958.82,475156597.17,BTC
2023-08-08,29661.120000000003,786792606.34,BTC
2023-08-09,29738.645,532770863.32,BTC
2023-08-10,29513.565000000002,375142806.93,BTC
2023-08-11,29377.480000000003,310027638.11,BTC
2023-08-12,29413.6,102819295.5,BTC
2023-08-13,29352.195,115373186.78,BTC
2023-08-14,29373.5,362522208.47,BTC
2023-08-15,29258.815000000002,299026558.28,BTC
2023-08-16,28962.215,479152538.98,BTC
2023-08-17,27040.04,1394530695.43,BTC
2023-08-18,26226.375,888090076.41,BTC
2023-08-19,26031.82,265159375.46,BTC
2023-08-20,26137.59,192271431.08,BTC
2023-08-21,26034.059999999998,430024076.12,BTC
2023-08-22,25753.699999999997,514473682.56,BTC
2023-08-23,26305.15,672652092.31,BTC
2023-08-24,26212.6,449180401.68,BTC
2023-08-25,26025.355000000003,489263026.85,BTC
2023-08-26,26044.385000000002,93024725.64,BTC
2023-08-27,26067.77,107924452.3,BTC
2023-08-28,26047.684999999998,302943657.3,BTC
2023-08-29,27032.985,1089036684.85,BTC
2023-08-30,27401.45,520197058.0,BTC
2023-08-31,26623.43,741278108.53,BTC
2023-09-01,25730.29,639696809.37,BTC
2023-09-02,25854.985,181289556.36,BTC
2023-09-03,25960.77,160541183.85,BTC
2023-09-04,25862.82,228454428.06,BTC
2023-09-05,25723.085,280146729.52,BTC
2023-09-06,25699.745,390027105.24,BTC
2023-09-07,26013.605,491838528.79,BTC
2023-09-08,26047.255,482397556.59,BTC
2023-09-09,25868.254999999997,105931726.4,BTC
2023-09-10,25804.93,217583144.54,BTC
2023-09-11,25400.58,619642052.88,BTC
2023-09-12,25836.805,937711286.48,BTC
2023-09-13,26100.620000000003,495397769.94,BTC
2023-09-14,26491.065000000002,649517751.61,BTC
2023-09-15,26552.239999999998,459310066.65,BTC
2023-09-16,26615.835,187703875.45,BTC
2023-09-17,26517.66,151125765.17,BTC
2023-09-18,26910.255,797114111.3,BTC
2023-09-19,27085.225,670630172.73,BTC
2023-09-20,27101.645,581302466.15,BTC
2023-09-21,26767.775,559336631.68,BTC
2023-09-22,26608.455,408613785.26,BTC
2023-09-23,26581.665,139605320.21,BTC
2023-09-24,26439.85,260953441.64,BTC
2023-09-25,26218.095,518905094.49,BTC
2023-09-26,26243.085,338286231.16,BTC
2023-09-27,26462.64,638562791.04,BTC
2023-09-28,26817.29,827813877.45,BTC
2023-09-29,26954.08,585322764.87,BTC
2023-09-30,26991.239999999998,195916128.74,BTC
2023-10-01,27509.625,464200302.08,BTC
2023-10-02,27948.97,1198411956.48,BTC
2023-10-03,27419.559999999998,620603083.21,BTC
2023-10-04,27529.755,497243557.18,BTC
2023-10-05,27745.69,696054430.54,BTC
2023-10-06,27730.835,701648471.47,BTC
2023-10-07,27949.58,205394649.0,BTC
2023-10-08,27909.855,238690010.87,BTC
2023-10-09,27641.345,603964078.09,BTC
2023-10-10,27517.11,511109469.33,BTC
2023-10-11,27003.62,821395574.15,BTC
2023-10-12,26743.879999999997,438531983.5,BTC
2023-10-13,26892.940000000002,496779424.55,BTC
2023-10-14,26896.4,157685357.78,BTC
2023-10-15,27055.16,297110024.59,BTC
2023-10-16,28570.315000000002,1884462991.7,BTC
2023-10-17,28361.485,739741149.31,BTC
2023-10-18,28572.745000000003,682875511.71,BTC
2023-10-19,28531.335,730081363.3,BTC
2023-10-20,29420.04,1241026952.55,BTC
2023-10-21,29922.915,467626116.49,BTC
2023-10-22,29953.61,414432274.92,BTC
2023-10-23,32318.714999999997,2308556876.22,BTC
2023-10-24,34020.51,2559949343.79,BTC
2023-10-25,34417.885,1481128342.82,BTC
2023-10-26,34291.33500000001,1248469956.72,BTC
2023-10-27,33826.455,1044635721.14,BTC
2023-10-28,34185.235,371696781.35,BTC
2023-10-29,34354.445,469534963.71,BTC
2023-10-30,34476.17,825552244.82,BTC
2023-10-31,34392.225000000006,756326173.72,BTC
2023-11-01,34860.33,1190955576.06,BTC
2023-11-02,35148.195,1097011932.14,BTC
2023-11-03,34534.25,960199464.71,BTC
2023-11-04,34942.225,377653497.47,BTC
2023-11-05,34941.42999999999,533016306.01,BTC
2023-11-06,35023.5,613732584.95,BTC
2023-11-07,35233.850000000006,1012278827.62,BTC
2023-11-08,35614.945,937630450.49,BTC
2023-11-09,36774.145000000004,2296501186.4,BTC
2023-11-10,36939.354999999996,1206040827.09,BTC
2023-11-11,37059.56,553215494.09,BTC
2023-11-12,36990.25,345567975.97,BTC
2023-11-13,36893.759999999995,897671274.64,BTC
2023-11-14,35770.24,1219819360.84,BTC
2023-11-15,36675.765,1436101057.95,BTC
2023-11-16,36731.759999999995,1428319260.74,BTC
2023-11-17,36327.16499999999,1027029255.11,BTC
2023-11-18,36533.149999999994,316037508.01,BTC
2023-11-19,36970.354999999996,430198062.65,BTC
2023-11-20,37268.58,1162294169.25,BTC
2023-11-21,36709.61,1579350547.76,BTC
2023-11-22,36761.520000000004,1335151412.8,BTC
2023-11-23,37269.2,626668140.1,BTC
2023-11-24,37847.229999999996,1322597274.57,BTC
2023-11-25,37761.935,312424824.64,BTC
2023-11-26,37494.49,478214999.45,BTC
2023-11-27,37147.735,914744666.52,BTC
2023-11-28,37645.2,1265755538.49,BTC
2023-11-29,38023.045,1041457987.13,BTC
2023-11-30,37827.74,637264648.28,BTC
2023-12-01,38304.235,1268612412.23,BTC
2023-12-02,39185.985,677167721.21,BTC
2023-12-03,39746.07000000001,638707315.07,BTC
2023-12-04,41189.89,2012390115.57,BTC
2023-12-05,43003.845,2234743414.43,BTC
2023-12-06,43836.42,1715623988.73,BTC
2023-12-07,43453.55,1320509439.92,BTC
2023-12-08,43914.77,1292562850.41,BTC
2023-12-09,43985.295,662982186.27,BTC
2023-12-10,43816.165,503801762.3,BTC
2023-12-11,41994.835,2446801856.72,BTC
2023-12-12,41364.395000000004,1305859570.88,BTC
2023-12-13,42020.79,1517574126.2,BTC
2023-12-14,42425.07000000001,1460749070.58,BTC
2023-12-15,42376.69,1065004798.33,BTC
2023-12-16,42159.85,570286280.98,BTC
2023-12-17,41800.11,772939037.53,BTC
2023-12-18,41628.55,1362661202.35,BTC
2023-12-19,42625.490000000005,1318306822.38,BTC
2023-12-20,43249.32,1805958609.9,BTC
2023-12-21,43775.655,1306652594.38,BTC
2023-12-22,43922.145000000004,1084076406.5,BTC
2023-12-23,43681.479999999996,479555333.8,BTC
2023-12-24,43300.16499999999,621424795.87,BTC
2023-12-25,43286.020000000004,639501515.36,BTC
2023-12-26,42610.55,1297798884.96,BTC
2023-12-27,42908.3,1178861473.09,BTC
2023-12-28,43050.76,1249335317.05,BTC
2023-12-29,42215.725,1450476730.93,BTC
2023-12-30,42062.88,905852574.49,BTC
2023-12-31,42416.740000000005,912867128.16,BTC
2024-01-01,43199.104999999996,839894208.67,BTC
2024-01-02,45050.42,2596745174.99,BTC
2024-01-03,42864.2,3533041051.83,BTC
2024-01-04,43727.235,2167748750.23,BTC
2024-01-05,43442.615000000005,2368276569.22,BTC
2024-01-06,43846.65,717065469.35,BTC
2024-01-07,44068.020000000004,884154712.5,BTC
2024-01-08,45252.87,3000303504.99,BTC
2024-01-09,46406.405,3083632967.78,BTC
2024-01-10,46016.08,3677964834.63,BTC
2024-01-11,47317.08,3638877778.74,BTC
2024-01-12,43983.369999999995,3855256978.62,BTC
2024-01-13,42840.915,986309535.03,BTC
2024-01-14,42381.509999999995,924871801.97,BTC
2024-01-15,42506.785,1046074902.52,BTC
2024-01-16,42805.005000000005,1565259395.93,BTC
2024-01-17,42677.915,1403011843.2,BTC
2024-01-18,41741.604999999996,1885882508.36,BTC
2024-01-19,41199.075,1864062474.18,BTC
2024-01-20,41639.86,544668570.57,BTC
2024-01-21,41678.21,382561229.54,BTC
2024-01-22,40533.354999999996,2270442343.15,BTC
2024-01-23,39324.215,1805745649.27,BTC
2024-01-24,39977.78,1476062916.95,BTC
2024-01-25,39902.425,1164224625.52,BTC
2024-01-26,41021.29,1763833855.75,BTC
2024-01-27,41792.525,444567824.09,BTC
2024-01-28,42227.490000000005,702267432.76,BTC
2024-01-29,42556.235,1184671101.99,BTC
2024-01-30,43273.085,1498626265.1,BTC
2024-01-31,43005.6,1695950546.73,BTC
2024-02-01,42561.634999999995,1234469121.23,BTC
2024-02-02,42994.485,1152442855.72,BTC
2024-02-03,43115.065,325725942.96,BTC
2024-02-04,42662.905,410404369.06,BTC
2024-02-05,42725.145,1062866796.14,BTC
2024-02-06,42943.485,966265875.57,BTC
2024-02-07,43584.4,1319628672.43,BTC
2024-02-08,44978.0,1785332802.43,BTC
2024-02-09,46732.744999999995,2379925849.32,BTC
2024-02-10,47530.375,780554926.36,BTC
2024-02-11,48094.75,956986637.1,BTC
2024-02-12,49028.895,2319184140.26,BTC
2024-02-13,49364.875,2075339722.8,BTC
2024-02-14,50679.12,2252886326.88,BTC
2024-02-15,52101.63,2239765884.49,BTC
2024-02-16,52101.465,1680749372.19,BTC
2024-02-17,51424.615,910308869.83,BTC
2024-02-18,51793.945,762533081.81,BTC
2024-02-19,52089.425,989270690.85,BTC
2024-02-20,51876.36,2050493239.79,BTC
2024-02-21,51504.455,1676374071.14,BTC
2024-02-22,51485.490000000005,1573393306.75,BTC
2024-02-23,51016.325,1345274652.99,BTC
2024-02-24,51135.770000000004,548313000.54,BTC
2024-02-25,51623.22,640224439.02,BTC
2024-02-26,52930.2,2550669499.35,BTC
2024-02-27,56048.065,3546751167.69,BTC
2024-02-28,60406.195,6171823618.31,BTC
2024-02-29,62011.87,5259277822.5,BTC
2024-03-01,62010.99,3267402863.37,BTC
2024-03-02,62055.06,1257238241.46,BTC
2024-03-03,62323.619999999995,1265273119.48,BTC
2024-03-04,65463.0,5220774005.79,BTC
2024-03-05,64256.615000000005,8263897912.84,BTC
2024-03-06,65248.619999999995,4498440968.53,BTC
2024-03-07,66838.41500000001,2804368120.13,BTC
2024-03-08,68162.48,4046244830.74,BTC
2024-03-09,68345.36499999999,1158711168.05,BTC
2024-03-10,69097.515,1919585405.6,BTC
2024-03-11,70021.595,4476609937.75,BTC
2024-03-12,70816.70999999999,4173072731.62,BTC
2024-03-13,72500.92,3008299520.61,BTC
2024-03-14,71148.275,4325873413.25,BTC
2024-03-15,68987.375,5016358153.02,BTC
2024-03-16,67413.55,2295869354.32,BTC
2024-03-17,66701.59,1962751757.05,BTC
2024-03-18,67754.83499999999,2602930945.01,BTC
2024-03-19,64822.84,4863914201.82,BTC
2024-03-20,64461.065,4466872469.25,BTC
2024-03-21,66388.735,2542747734.72,BTC
2024-03-22,64482.47,2395884490.04,BTC
2024-03-23,64515.850000000006,1250716141.79,BTC
2024-03-24,65713.3,1253420264.9,BTC
2024-03-25,68801.555,3184570068.52,BTC
2024-03-26,70426.77,2319265484.04,BTC
2024-03-27,70073.38500000001,2817965870.72,BTC
2024-03-28,70229.41,2214217706.88,BTC
2024-03-29,69992.035,1216001428.98,BTC
2024-03-30,69971.04000000001,515940317.66,BTC
2024-03-31,70495.58499999999,745658086.55,BTC
2024-04-01,69700.265,2005923775.26,BTC
2024-04-02,67137.405,3234216304.99,BTC
2024-04-03,65720.4,1835055534.78,BTC
2024-04-04,67212.37,2475521298.64,BTC
2024-04-05,67383.495,2219856764.99,BTC
2024-04-06,68577.955,772361130.33,BTC
2024-04-07,69590.215,951477284.85,BTC
2024-04-08,70907.45999999999,2607488940.79,BTC
2024-04-09,69981.08,2411758700.3,BTC
2024-04-10,69315.6,2563902180.98,BTC
2024-04-11,70427.93,1758820969.32,BTC
2024-04-12,68252.13,3367653179.18,BTC
2024-04-13,64751.035,3689543158.77,BTC
2024-04-14,64052.340000000004,2627998512.52,BTC
2024-04-15,64615.505000000005,2658417494.41,BTC
2024-04-16,63026.59,2234500815.41,BTC
2024-04-17,62093.28,2562816108.8,BTC
2024-04-18,62505.259999999995,1972785716.37,BTC
2024-04-19,62549.715,2923364930.21,BTC
2024-04-20,64296.875,866105478.99,BTC
2024-04-21,64997.994999999995,854324202.42,BTC
2024-04-22,65897.04999999999,1510230897.53,BTC
2024-04-23,66523.54,1169300050.32,BTC
2024-04-24,65312.245,1878460968.73,BTC
2024-04-25,64019.675,1713069016.97,BTC
2024-04-26,64051.354999999996,1275865834.83,BTC
2024-04-27,63156.91,799665556.56,BTC
2024-04-28,63552.045,642628554.25,BTC
2024-04-29,62980.525,1370557060.16,BTC
2024-04-30,61909.21,2518380270.05,BTC
2024-05-01,58652.30499999999,3014503800.73,BTC
2024-05-02,58282.18,1724718703.27,BTC
2024-05-03,61095.795,2147038663.01,BTC
2024-05-04,63563.49,1029192793.92,BTC
2024-05-05,63778.95,803966989.59,BTC
2024-05-06,64116.615000000005,1537928462.74,BTC
2024-05-07,63338.619999999995,1326416673.48,BTC
2024-05-08,61936.06,1155791451.43,BTC
2024-05-09,62026.96000000001,1140626858.17,BTC
2024-05-10,61825.185,1565941805.66,BTC
2024-05-11,60982.135,505608099.69,BTC
2024-05-12,61219.705,502848342.69,BTC
2024-05-13,62102.05,1327733464.12,BTC
2024-05-14,62095.92,1636519845.72,BTC
2024-05-15,63896.384999999995,2625073579.59,BTC
2024-05-16,65680.295,1596664354.59,BTC
2024-05-17,66304.815,1552274385.82,BTC
2024-05-18,67015.355,586174043.35,BTC
2024-05-19,66787.195,650338446.5,BTC
2024-05-20,68809.07,2624709812.32,BTC
2024-05-21,70561.89,2169803609.99,BTC
2024-05-22,69798.065,1603267534.2,BTC
2024-05-23,68203.88,1922285401.83,BTC
2024-05-24,67938.76000000001,1242012319.42,BTC
2024-05-25,69049.34,412212332.66,BTC
2024-05-26,68833.79000000001,379159635.92,BTC
2024-05-27,69420.60500000001,909946343.46,BTC
2024-05-28,68369.95499999999,1514489243.92,BTC
2024-05-29,67978.85500000001,1108570253.28,BTC
2024-05-30,68314.08,1424914242.82,BTC
2024-05-31,67808.955,1349659294.8,BTC
2024-06-01,67607.43,297719480.73,BTC
2024-06-02,67844.77,456585602.02,BTC
2024-06-03,68934.295,1575608100.17,BTC
2024-06-04,69822.265,2084571763.56,BTC
2024-06-05,71076.76999999999,1545204312.75,BTC
2024-06-06,70878.05,1141567996.37,BTC
2024-06-07,70191.275,1992355199.22,BTC
2024-06-08,69350.285,399100009.36,BTC
2024-06-09,69484.135,357128157.69,BTC
2024-06-10,69669.305,843477987.58,BTC
2024-06-11,67802.715,2141818771.53,BTC
2024-06-12,68459.13,2139401386.85,BTC
2024-06-13,67326.51999999999,1550737143.4,BTC
2024-06-14,66172.205,1633598669.38,BTC
2024-06-15,66125.87,406250537.71,BTC
2024-06-16,66464.44,433017008.55,BTC
2024-06-17,66163.62,1917243316.16,BTC
2024-06-18,65302.18,2293594296.72,BTC
2024-06-19,65182.7,878187235.08,BTC
2024-06-20,65495.21000000001,1473091625.51,BTC
2024-06-21,64184.630000000005,1427909531.59,BTC
2024-06-22,64212.34,358155105.44,BTC
2024-06-23,63829.86,416250575.81,BTC
2024-06-24,60889.755000000005,2938115761.51,BTC
2024-06-25,61308.705,1946492862.08,BTC
2024-06-26,61578.12,1436803387.64,BTC
2024-06-27,61451.785,1385461549.94,BTC
2024-06-28,61037.975,1481619028.88,BTC
2024-06-29,60711.765,560710968.57,BTC
2024-06-30,61793.630000000005,778765578.43,BTC
2024-07-01,63131.59,1623104957.15,BTC
2024-07-02,62336.41,1278702453.96,BTC
2024-07-03,60785.9,1653064013.62,BTC
2024-07-04,58578.53,2342236881.51,BTC
2024-07-05,55511.53,3198812323.21,BTC
2024-07-06,57265.055,1072779742.28,BTC
2024-07-07,57093.259999999995,1053256457.42,BTC
2024-07-08,56236.005000000005,2441024283.07,BTC
2024-07-09,57292.815,1692558128.7,BTC
2024-07-10,58314.380000000005,1631984559.89,BTC
2024-07-11,58283.369999999995,1729366992.27,BTC
2024-07-12,57549.06,1567843358.24,BTC
2024-07-13,58825.520000000004,819172857.7,BTC
2024-07-14,60323.774999999994,1207899406.9,BTC
2024-07-15,62812.435,2752990856.54,BTC
2024-07-16,63917.100000000006,2492930912.34,BTC
2024-07-17,65002.1,1830962929.69,BTC
2024-07-18,64176.815,1405605268.54,BTC
2024-07-19,65386.85,2214983951.52,BTC
2024-07-20,66959.16500000001,840850489.36,BTC
2024-07-21,67105.58,1219084237.52,BTC
2024-07-22,67542.54999999999,1805561349.3,BTC
2024-07-23,66620.37,1958486045.34,BTC
2024-07-24,66116.72,1426727978.64,BTC
2024-07-25,64791.71,1902596712.12,BTC
2024-07-26,66976.83499999999,1654021251.63,BTC
2024-07-27,68046.0,1801405015.15,BTC
2024-07-28,67680.84,812380984.29,BTC
2024-07-29,68232.02,2292001706.95,BTC
2024-07-30,66141.565,1614525200.12,BTC
2024-07-31,65667.81,1601329476.94,BTC
2024-08-01,63914.24,2364449721.14,BTC
2024-08-02,63356.7,2601345982.92,BTC
2024-08-03,60996.575,1596127875.28,BTC
2024-08-04,59125.0,1665780997.48,BTC
2024-08-05,53739.0,6220425122.88,BTC
2024-08-06,55532.845,2473716223.17,BTC
2024-08-07,56167.06,2232435439.52,BTC
2024-08-08,58734.4,2834182014.44,BTC
2024-08-09,60662.884999999995,2000603963.46,BTC
2024-08-10,60874.205,725371248.47,BTC
2024-08-11,60086.899999999994,1093722861.0,BTC
2024-08-12,59192.965,1967504137.76,BTC
2024-08-13,60022.34,1727785105.35,BTC
2024-08-14,60125.26,1858459018.71,BTC
2024-08-15,58001.275,2023439063.25,BTC
2024-08-16,58479.229999999996,1708248208.47,BTC
2024-08-17,59262.075,574723583.6,BTC
2024-08-18,59357.240000000005,830090221.14,BTC
2024-08-19,58730.345,1420739617.67,BTC
2024-08-20,60015.854999999996,1877438049.21,BTC
2024-08-21,60328.96000000001,2311932103.1,BTC
2024-08-22,60591.695,1754742660.96,BTC
2024-08-23,62666.97,2623908332.37,BTC
2024-08-24,64057.32,979836005.58,BTC
2024-08-25,64443.665,819671993.67,BTC
2024-08-26,63660.100000000006,1719932426.98,BTC
2024-08-27,60633.085,2403744129.11,BTC
2024-08-28,59050.525,2251640371.44,BTC
2024-08-29,59963.69,2058113286.38,BTC
2024-08-30,58826.025,2063630420.49,BTC
2024-08-31,59107.850000000006,474924657.65,BTC
2024-09-01,58151.79,1298154355.3,BTC
2024-09-02,58283.155,1383666270.94,BTC
2024-09-03,58618.64,1548986994.4,BTC
2024-09-04,57079.025,2458579314.87,BTC
2024-09-05,56990.770000000004,2198240196.62,BTC
2024-09-06,54778.165,3807917186.59,BTC
2024-09-07,54297.315,925092003.79,BTC
2024-09-08,54476.685,1042880564.27,BTC
2024-09-09,56298.305,2385673385.77,BTC
2024-09-10,57224.01,1908344975.36,BTC
2024-09-11,56778.555,3160608627.55,BTC
2024-09-12,57952.14,2373500502.95,BTC
2024-09-13,59151.795,2401277043.91,BTC
2024-09-14,60043.25,903199598.39,BTC
2024-09-15,59553.505000000005,1146142289.52,BTC
2024-09-16,58351.275,1927790314.93,BTC
2024-09-17,59490.655,2440680770.1,BTC
2024-09-18,60489.869999999995,2902628124.61,BTC
2024-09-19,62732.075,2939807292.07,BTC
2024-09-20,63238.395000000004,2188110863.96,BTC
2024-09-21,63157.665,766364347.61,BTC
2024-09-22,63205.025,1190921326.46,BTC
2024-09-23,63666.91,1734107185.41,BTC
2024-09-24,63704.25,2045185242.06,BTC
2024-09-25,63881.16,1526541478.78,BTC
2024-09-26,64260.755,2800234985.9,BTC
2024-09-27,65693.4,2378877920.32,BTC
2024-09-28,65854.8,682765288.62,BTC
2024-09-29,65761.13500000001,758322138.61,BTC
2024-09-30,64236.729999999996,2712227231.34,BTC
2024-10-01,62134.56,4189744833.01,BTC
2024-10-02,61180.05,3402156876.74,BTC
2024-10-03,60662.435,3058499959.35,BTC
2024-10-04,61469.425,2395319327.7,BTC
2024-10-05,62033.80499999999,625465514.89,BTC
2024-10-06,62395.845,838451338.95,BTC
2024-10-07,63293.805,2602786910.05,BTC
2024-10-08,62509.195,2090901005.09,BTC
2024-10-09,61383.244999999995,2311387233.46,BTC
2024-10-10,60060.25,2553922274.06,BTC
2024-10-11,61728.869999999995,2236421715.94,BTC
2024-10-12,62971.744999999995,987509499.19,BTC
2024-10-13,62656.425,1051974824.5,BTC
2024-10-14,64466.42999999999,3279898050.67,BTC
2024-10-15,66365.10500000001,3442311150.59,BTC
2024-10-16,67577.06,2841013476.69,BTC
2024-10-17,67287.595,2154293295.5,BTC
2024-10-18,68091.905,2516405877.34,BTC
2024-10-19,68345.375,526753638.72,BTC
2024-10-20,68739.985,824334290.12,BTC
2024-10-21,68156.43,2480399716.7,BTC
2024-10-22,67170.66,2184452853.61,BTC
2024-10-23,66303.915,2154644447.87,BTC
2024-10-24,67634.54999999999,2144280257.66,BTC
2024-10-25,67128.05,2952724943.71,BTC
2024-10-26,66854.85500000001,946447393.67,BTC
2024-10-27,67553.525,818581011.16,BTC
2024-10-28,68891.37,2902994091.1,BTC
2024-10-29,71668.645,4194343293.57,BTC
2024-10-30,72176.73,2769522546.26,BTC
2024-10-31,71130.13,2794856636.84,BTC
2024-11-01,70185.88,3429441961.46,BTC
2024-11-02,69445.63,750733288.76,BTC
2024-11-03,68411.35500000001,2028670648.54,BTC
2024-11-04,68123.6,2939056973.62,BTC
2024-11-05,68986.51000000001,3274519976.93,BTC
2024-11-06,72889.06,8601347745.99,BTC
2024-11-07,75718.005,4433063855.56,BTC
2024-11-08,76472.995,3714364388.44,BTC
2024-11-09,76356.43,1208160963.89,BTC
2024-11-10,79033.095,4582398468.87,BTC
2024-11-11,84964.17499999999,8845679630.06,BTC
2024-11-12,87565.805,10326697667.45,BTC
2024-11-13,89866.36,11250681620.25,BTC
2024-11-14,89248.195,7309565757.27,BTC
2024-11-15,89508.095,6353615968.72,BTC
2024-11-16,90951.845,2501576427.85,BTC
2024-11-17,90082.36499999999,2791320512.2,BTC
2024-11-18,90098.975,6006522738.03,BTC
2024-11-19,92235.58499999999,5995386487.48,BTC
2024-11-20,93334.28,6579886464.89,BTC
2024-11-21,96604.685,8678686263.5,BTC
2024-11-22,98490.38,7337283037.5,BTC
2024-11-23,98121.555,2853544178.0,BTC
2024-11-24,97225.76999999999,2940396079.61,BTC
2024-11-25,95783.58499999999,6533804395.53,BTC
2024-11-26,92869.03,7150066318.55,BTC
2024-11-27,94565.39,4533983270.73,BTC
2024-11-28,95674.725,2311939499.68,BTC
2024-11-29,97063.54000000001,3883366949.57,BTC
2024-11-30,96825.695,1215861238.63,BTC
2024-12-01,96824.495,1659820134.72,BTC
2024-12-02,96319.625,5040855658.82,BTC
2024-12-03,94947.465,5033493735.21,BTC
2024-12-04,96944.89,5727735676.06,BTC
2024-12-05,97885.23999999999,12041439286.7,BTC
2024-12-06,99257.785,5653979066.29,BTC
2024-12-07,99802.215,1728102575.48,BTC
2024-12-08,100080.41,1785051035.31,BTC
2024-12-09,97928.515,6847958219.35,BTC
2024-12-10,96300.33,6621616095.14,BTC
2024-12-11,98854.92499999999,5482015399.12,BTC
2024-12-12,100954.79999999999,4765401240.36,BTC
2024-12-13,100589.87,3492131954.88,BTC
2024-12-14,101630.01999999999,1683710017.37,BTC
2024-12-15,103184.315,2557994217.64,BTC
2024-12-16,105564.41500000001,6398449052.08,BTC
2024-12-17,106839.06,4365460605.55,BTC
2024-12-18,103224.13,7727995790.43,BTC
2024-12-19,99161.695,8011759334.63,BTC
2024-12-20,95137.95,8141536426.69,BTC
2024-12-21,97954.455,2907358271.75,BTC
2024-12-22,95786.525,2842280143.72,BTC
2024-12-23,94403.33,5422281368.55,BTC
2024-12-24,96438.72,3967574825.79,BTC
2024-12-25,98526.8,2147049998.69,BTC
2024-12-26,97493.41500000001,3704007593.19,BTC
2024-12-27,95310.755,4479654695.05,BTC
2024-12-28,94775.39,1339743546.48,BTC
2024-12-29,94013.055,1684134735.83,BTC
2024-12-30,93110.38,5287498462.5,BTC
2024-12-31,94017.33499999999,3659994868.24,BTC
2025-01-01,93841.155,1798161467.81,BTC
2023-01-01,1197.3049999999998,212091101.2,ETH
2023-01-02,1207.375,396971135.51,ETH
2023-01-03,1212.215,392700511.47,ETH
2023-01-04,1239.72,825157843.82,ETH
2023-01-05,1250.77,494598797.89,ETH
2023-01-06,1255.75,667398617.34,ETH
2023-01-07,1265.775,231711574.14,ETH
2023-01-08,1275.3,392241837.02,ETH
2023-01-09,1314.5900000000001,1022290294.83,ETH
2023-01-10,1331.63,682508755.42,ETH
2023-01-11,1357.13,750208058.14,ETH
2023-01-12,1402.2,1173416087.03,ETH
2023-01-13,1432.635,827418332.41,ETH
2023-01-14,1525.17,1000747558.84,ETH
2023-01-15,1541.565,605354595.73,ETH
2023-01-16,1562.2150000000001,854808666.21,ETH
2023-01-17,1574.685,701015677.04,ETH
2023-01-18,1556.1799999999998,1186461141.36,ETH
2023-01-19,1536.235,750596721.84,ETH
2023-01-20,1602.405,1052523938.77,ETH
2023-01-21,1650.395,911165415.27,ETH
2023-01-22,1635.115,787251000.78,ETH
2023-01-23,1619.65,872732022.61,ETH
2023-01-24,1589.315,911498894.01,ETH
2023-01-25,1578.87,1132268819.24,ETH
2023-01-26,1605.805,789028231.13,ETH
2023-01-27,1587.5349999999999,781935987.02,ETH
2023-01-28,1582.645,436021436.43,ETH
2023-01-29,1612.675,812096302.45,ETH
2023-01-30,1593.35,917935732.64,ETH
2023-01-31,1582.9,690489010.7,ETH
2023-02-01,1602.875,797147606.94,ETH
2023-02-02,1671.28,980080354.31,ETH
2023-02-03,1651.965,704445423.97,ETH
2023-02-04,1670.5149999999999,412803098.7,ETH
2023-02-05,1642.5,456219066.62,ETH
2023-02-06,1632.6,495673231.02,ETH
2023-02-07,1645.375,637931660.04,ETH
2023-02-08,1664.365,646763538.23,ETH
2023-02-09,1591.6550000000002,867896690.84,ETH
2023-02-10,1525.445,756041189.81,ETH
2023-02-11,1525.7350000000001,260403379.72,ETH
2023-02-12,1521.5949999999998,349138047.41,ETH
2023-02-13,1495.205,800954432.79,ETH
2023-02-14,1530.54,687412621.55,ETH
2023-02-15,1610.86,772032249.88,ETH
2023-02-16,1687.82,1030465375.37,ETH
2023-02-17,1676.9299999999998,754132750.16,ETH
2023-02-18,1696.135,307506654.43,ETH
2023-02-19,1696.665,507142415.32,ETH
2023-02-20,1686.025,508356423.43,ETH
2023-02-21,1676.9850000000001,659946431.8,ETH
2023-02-22,1632.295,846194678.13,ETH
2023-02-23,1654.2649999999999,699286522.36,ETH
2023-02-24,1620.7649999999999,799273822.59,ETH
2023-02-25,1585.005,351919078.03,ETH
2023-02-26,1619.58,368915540.44,ETH
2023-02-27,1637.69,598217352.12,ETH
2023-02-28,1622.85,456947652.79,ETH
2023-03-01,1633.285,576615214.76,ETH
2023-03-02,1648.73,551440002.57,ETH
2023-03-03,1598.76,739448646.09,ETH
2023-03-04,1563.645,176234475.2,ETH
2023-03-05,1571.38,277592151.28,ETH
2023-03-06,1568.715,384556985.72,ETH
2023-03-07,1559.385,539524295.29,ETH
2023-03-08,1548.51,533070618.78,ETH
2023-03-09,1478.205,859197707.07,ETH
2023-03-10,1405.28,1175848727.85,ETH
2023-03-11,1454.31,805115649.23,ETH
2023-03-12,1534.01,628102927.38,ETH
2023-03-13,1636.0500000000002,1009058317.0,ETH
2023-03-14,1724.35,1225543590.64,ETH
2023-03-15,1668.645,948181307.92,ETH
2023-03-16,1665.365,563676442.36,ETH
2023-03-17,1734.605,962507961.8,ETH
2023-03-18,1798.15,798340920.36,ETH
2023-03-19,1804.0700000000002,607696097.2,ETH
2023-03-20,1768.83,799956695.25,ETH
2023-03-21,1782.005,712333244.98,ETH
2023-03-22,1769.62,764719792.48,ETH
2023-03-23,1796.645,686206044.67,ETH
2023-03-24,1775.5149999999999,630907409.49,ETH
2023-03-25,1739.9450000000002,297620002.87,ETH
2023-03-26,1770.245,352102221.17,ETH
2023-03-27,1735.855,495106395.7,ETH
2023-03-28,1748.925,500712364.6,ETH
2023-03-29,1799.465,556581897.53,ETH
2023-03-30,1796.645,585790681.35,ETH
2023-03-31,1813.47,547831728.98,ETH
2023-04-01,1826.9650000000001,247088424.15,ETH
2023-04-02,1800.24,212602211.37,ETH
2023-04-03,1801.99,594690795.24,ETH
2023-04-04,1845.6399999999999,670176881.19,ETH
2023-04-05,1902.65,664954864.65,ETH
2023-04-06,1883.46,440377262.88,ETH
2023-04-07,1863.76,264266851.34,ETH
2023-04-08,1864.3200000000002,171404063.71,ETH
2023-04-09,1850.95,278524755.74,ETH
2023-04-10,1883.5700000000002,446407551.48,ETH
2023-04-11,1910.78,504305398.27,ETH
2023-04-12,1895.32,653001508.03,ETH
2023-04-13,1962.4099999999999,900794714.15,ETH
2023-04-14,2070.805,1193601441.09,ETH
2023-04-15,2093.5,396180074.82,ETH
2023-04-16,2108.075,439801683.04,ETH
2023-04-17,2090.3999999999996,554772213.93,ETH
2023-04-18,2089.995,509113199.16,ETH
2023-04-19,2015.21,911422903.55,ETH
2023-04-20,1949.0149999999999,657577879.08,ETH
2023-04-21,1891.445,767020777.78,ETH
2023-04-22,1866.11,243379837.02,ETH
2023-04-23,1860.56,300444587.03,ETH
2023-04-24,1848.6550000000002,570636520.13,ETH
2023-04-25,1841.1750000000002,494254797.08,ETH
2023-04-26,1875.995,930750404.58,ETH
2023-04-27,1900.35,785126171.38,ETH
2023-04-28,1903.18,425868672.46,ETH
2023-04-29,1904.85,169819033.56,ETH
2023-04-30,1904.58,316695826.29,ETH
2023-05-01,1847.7,501499426.35,ETH
2023-05-02,1853.3400000000001,368465427.45,ETH
2023-05-03,1880.475,438240180.13,ETH
2023-05-04,1893.0300000000002,314539294.6,ETH
2023-05-05,1938.9,680967049.89,ETH
2023-05-06,1942.27,501429621.42,ETH
2023-05-07,1908.27,313882607.91,ETH
2023-05-08,1854.42,664714401.47,ETH
2023-05-09,1850.8400000000001,338236687.64,ETH
2023-05-10,1840.495,615019660.03,ETH
2023-05-11,1808.3449999999998,435960460.99,ETH
2023-05-12,1778.67,467334013.56,ETH
2023-05-13,1802.25,173889132.85,ETH
2023-05-14,1808.1999999999998,169553393.6,ETH
2023-05-15,1816.6399999999999,379365245.9,ETH
2023-05-16,1814.8649999999998,286581998.35,ETH
2023-05-17,1810.515,295642800.65,ETH
2023-05-18,1802.045,261830100.8,ETH
2023-05-19,1813.46,199390959.13,ETH
2023-05-20,1818.5749999999998,117125781.65,ETH
2023-05-21,1814.19,110171780.38,ETH
2023-05-22,1810.63,199800403.15,ETH
2023-05-23,1843.4299999999998,290332107.99,ETH
2023-05-24,1816.7,311671841.31,ETH
2023-05-25,1790.495,275579486.08,ETH
2023-05-26,1818.025,218981012.22,ETH
2023-05-27,1826.335,90250026.95,ETH
2023-05-28,1870.87,260979861.41,ETH
2023-05-29,1901.455,283875868.0,ETH
2023-05-30,1900.19,302468580.12,ETH
2023-05-31,1878.31,320126617.18,ETH
2023-06-01,1865.1,311566762.29,ETH
2023-06-02,1879.5149999999999,324600206.34,ETH
2023-06-03,1896.415,132138660.62,ETH
2023-06-04,1899.52,139808423.0,ETH
2023-06-05,1835.5300000000002,475161890.31,ETH
2023-06-06,1847.695,399470424.17,ETH
2023-06-07,1860.0900000000001,376467803.89,ETH
2023-06-08,1845.255,177740176.57,ETH
2023-06-09,1841.545,193799820.21,ETH
2023-06-10,1781.74,512816424.25,ETH
2023-06-11,1758.7150000000001,171893158.83,ETH
2023-06-12,1739.4099999999999,273713982.1,ETH
2023-06-13,1745.23,287829194.43,ETH
2023-06-14,1690.755,365982713.53,ETH
2023-06-15,1649.915,371752813.77,ETH
2023-06-16,1688.87,248248593.82,ETH
2023-06-17,1738.845,135246610.67,ETH
2023-06-18,1730.6950000000002,105602986.61,ETH
2023-06-19,1726.52,189833856.65,ETH
2023-06-20,1755.2849999999999,360202462.41,ETH
2023-06-21,1844.37,608041064.43,ETH
2023-06-22,1899.74,430137565.01,ETH
2023-06-23,1899.2399999999998,364062998.23,ETH
2023-06-24,1886.1399999999999,161217137.17,ETH
2023-06-25,1900.065,243821770.45,ETH
2023-06-26,1873.155,287969485.35,ETH
2023-06-27,1884.0900000000001,286149889.21,ETH
2023-06-28,1853.58,298601057.72,ETH
2023-06-29,1853.08,211210015.81,ETH
2023-06-30,1885.335,626117328.74,ETH
2023-07-01,1926.5,170397820.6,ETH
2023-07-02,1922.94,259524177.47,ETH
2023-07-03,1955.185,333458002.68,ETH
2023-07-04,1949.175,182921227.93,ETH
2023-07-05,1918.565,225539498.22,ETH
2023-07-06,1901.755,373111691.55,ETH
2023-07-07,1852.295,236998422.03,ETH
2023-07-08,1857.8600000000001,124473027.23,ETH
2023-07-09,1868.0,104769250.13,ETH
2023-07-10,1876.56,248076590.36,ETH
2023-07-11,1876.75,174708055.4,ETH
2023-07-12,1883.745,270619306.85,ETH
2023-07-13,1938.375,656466648.57,ETH
2023-07-14,1964.05,527215689.43,ETH
2023-07-15,1937.2350000000001,123753926.65,ETH
2023-07-16,1929.68,116791257.98,ETH
2023-07-17,1905.1950000000002,342329027.22,ETH
2023-07-18,1896.99,322922232.52,ETH
2023-07-19,1901.795,279760726.89,ETH
2023-07-20,1903.57,287230417.85,ETH
2023-07-21,1895.0149999999999,156384021.65,ETH
2023-07-22,1875.435,117565051.78,ETH
2023-07-23,1881.82,165984164.63,ETH
2023-07-24,1862.105,347928550.49,ETH
2023-07-25,1856.65,163792722.05,ETH
2023-07-26,1867.845,217544577.61,ETH
2023-07-27,1870.315,172986040.03,ETH
2023-07-28,1869.315,157806868.85,ETH
2023-07-29,1878.045,67420133.0,ETH
2023-07-30,1867.5,132571482.86,ETH
2023-07-31,1863.745,201325420.68,ETH
2023-08-01,1843.72,404099981.78,ETH
2023-08-02,1849.535,281934846.64,ETH
2023-08-03,1840.85,208780805.48,ETH
2023-08-04,1832.2849999999999,217682208.64,ETH
2023-08-05,1830.9650000000001,73250862.43,ETH
2023-08-06,1830.6599999999999,76980593.22,ETH
2023-08-07,1822.375,252903494.71,ETH
2023-08-08,1849.94,284363251.37,ETH
2023-08-09,1857.65,201917130.17,ETH
2023-08-10,1854.37,134629659.34,ETH
2023-08-11,1846.15,137388777.18,ETH
2023-08-12,1849.0149999999999,64959465.73,ETH
2023-08-13,1846.7,81329475.04,ETH
2023-08-14,1843.8600000000001,148596306.79,ETH
2023-08-15,1828.685,138258892.85,ETH
2023-08-16,1812.87,211465905.78,ETH
2023-08-17,1673.185,586328524.5,ETH
2023-08-18,1670.025,408868800.0,ETH
2023-08-19,1674.775,142631159.81,ETH
2023-08-20,1678.135,129059232.43,ETH
2023-08-21,1668.715,222346407.69,ETH
2023-08-22,1625.9,306952239.8,ETH
2023-08-23,1664.635,328759845.74,ETH
2023-08-24,1659.385,226405478.01,ETH
2023-08-25,1655.295,252242786.57,ETH
2023-08-26,1649.025,55624499.94,ETH
2023-08-27,1652.455,68111939.3,ETH
2023-08-28,1642.35,175729854.06,ETH
2023-08-29,1692.27,368669910.11,ETH
2023-08-30,1713.49,193154994.53,ETH
2023-08-31,1677.6799999999998,302646661.02,ETH
2023-09-01,1628.18,229505773.05,ETH
2023-09-02,1636.08,72557044.83,ETH
2023-09-03,1635.875,83967516.22,ETH
2023-09-04,1630.315,106014643.86,ETH
2023-09-05,1627.885,155443741.05,ETH
2023-09-06,1638.47,188596252.64,ETH
2023-09-07,1640.6599999999999,178418926.08,ETH
2023-09-08,1637.075,185655920.66,ETH
2023-09-09,1633.295,48715977.58,ETH
2023-09-10,1616.9299999999998,141811583.08,ETH
2023-09-11,1575.0,350478203.43,ETH
2023-09-12,1586.95,290923261.09,ETH
2023-09-13,1599.965,234456204.57,ETH
2023-09-14,1625.5900000000001,286524359.38,ETH
2023-09-15,1632.47,174858821.85,ETH
2023-09-16,1641.97,83641957.75,ETH
2023-09-17,1624.1,85972165.39,ETH
2023-09-18,1637.725,254499442.83,ETH
2023-09-19,1643.855,184891179.92,ETH
2023-09-20,1627.62,242158870.38,ETH
2023-09-21,1596.825,239767218.36,ETH
2023-09-22,1589.7,163522895.05,ETH
2023-09-23,1593.125,60256774.05,ETH
2023-09-24,1585.8400000000001,103003077.92,ETH
2023-09-25,1580.26,204351095.27,ETH
2023-09-26,1589.085,169116251.08,ETH
2023-09-27,1607.8899999999999,266115436.32,ETH
2023-09-28,1632.465,417307877.44,ETH
2023-09-29,1668.25,348158317.18,ETH
2023-09-30,1680.165,168691450.13,ETH
2023-10-01,1712.63,260450967.05,ETH
2023-10-02,1691.22,547118665.83,ETH
2023-10-03,1657.2350000000001,320387316.67,ETH
2023-10-04,1641.685,258093521.67,ETH
2023-10-05,1631.905,270654077.48,ETH
2023-10-06,1636.49,253531816.85,ETH
2023-10-07,1639.79,89945206.18,ETH
2023-10-08,1629.835,121021981.15,ETH
2023-10-09,1592.1350000000002,339017511.32,ETH
2023-10-10,1573.045,254975021.38,ETH
2023-10-11,1561.985,294808400.58,ETH
2023-10-12,1544.87,259081681.89,ETH
2023-10-13,1555.5,224374179.99,ETH
2023-10-14,1553.2150000000001,77502622.78,ETH
2023-10-15,1557.895,97772202.07,ETH
2023-10-16,1597.725,446574747.49,ETH
2023-10-17,1577.335,238856568.1,ETH
2023-10-18,1571.075,226187063.01,ETH
2023-10-19,1559.005,239202217.14,ETH
2023-10-20,1596.7150000000001,367271257.58,ETH
2023-10-21,1618.92,222184082.89,ETH
2023-10-22,1645.3,257522472.2,ETH
2023-10-23,1728.6999999999998,780661240.02,ETH
2023-10-24,1800.4650000000001,932151066.26,ETH
2023-10-25,1789.03,542177185.66,ETH
2023-10-26,1814.6100000000001,622443034.73,ETH
2023-10-27,1774.73,403162777.61,ETH
2023-10-28,1787.35,150723329.54,ETH
2023-10-29,1787.395,165219418.28,ETH
2023-10-30,1804.38,303881269.37,ETH
2023-10-31,1800.975,328080843.27,ETH
2023-11-01,1820.98,514586090.27,ETH
2023-11-02,1830.2199999999998,501202295.02,ETH
2023-11-03,1806.525,397766768.21,ETH
2023-11-04,1847.865,205289548.49,ETH
2023-11-05,1880.645,369431668.22,ETH
2023-11-06,1893.125,410308088.3,ETH
2023-11-07,1879.475,538999159.16,ETH
2023-11-08,1889.495,342300115.53,ETH
2023-11-09,2007.435,1255720592.59,ETH
2023-11-10,2101.16,775967652.37,ETH
2023-11-11,2061.685,458212190.26,ETH
2023-11-12,2040.405,406409439.52,ETH
2023-11-13,2074.3,677275855.69,ETH
2023-11-14,1998.115,672516247.43,ETH
2023-11-15,2015.4950000000001,641189379.56,ETH
2023-11-16,2011.315,783609970.96,ETH
2023-11-17,1948.775,571715090.11,ETH
2023-11-18,1945.15,243248653.35,ETH
2023-11-19,1980.51,280987485.15,ETH
2023-11-20,2031.4450000000002,706775221.8,ETH
2023-11-21,1984.1799999999998,640934598.31,ETH
2023-11-22,2011.2450000000001,632049361.21,ETH
2023-11-23,2064.755,345465511.14,ETH
2023-11-24,2096.8100000000004,576843379.99,ETH
2023-11-25,2079.315,171820574.07,ETH
2023-11-26,2066.43,268817596.0,ETH
2023-11-27,2028.955,538765882.42,ETH
2023-11-28,2035.7350000000001,499177888.15,ETH
2023-11-29,2047.6550000000002,394195647.34,ETH
2023-11-30,2038.29,343390100.77,ETH
2023-12-01,2078.715,602439017.29,ETH
2023-12-02,2138.215,395659097.47,ETH
2023-12-03,2183.89,406014985.22,ETH
2023-12-04,2233.1549999999997,861288624.2,ETH
2023-12-05,2249.19,844781771.01,ETH
2023-12-06,2266.2650000000003,721010308.06,ETH
2023-12-07,2302.8450000000003,803734991.96,ETH
2023-12-08,2365.4849999999997,720748174.99,ETH
2023-12-09,2366.8599999999997,469803736.49,ETH
2023-12-10,2350.105,319769603.62,ETH
2023-12-11,2244.185,991604563.0,ETH
2023-12-12,2204.27,651964538.12,ETH
2023-12-13,2214.885,739438151.2,ETH
2023-12-14,2281.9049999999997,724615038.72,ETH
2023-12-15,2259.6,564042261.96,ETH
2023-12-16,2236.1949999999997,301358311.22,ETH
2023-12-17,2218.325,338828172.15,ETH
2023-12-18,2169.38,595550230.79,ETH
2023-12-19,2194.56,627857676.22,ETH
2023-12-20,2211.44,799599916.57,ETH
2023-12-21,2231.205,702166382.68,ETH
2023-12-22,2287.525,904108088.07,ETH
2023-12-23,2299.79,441823544.27,ETH
2023-12-24,2285.975,439156963.98,ETH
2023-12-25,2279.4750000000004,357468201.78,ETH
2023-12-26,2224.615,603300122.32,ETH
2023-12-27,2303.015,910568561.01,ETH
2023-12-28,2392.385,1106269642.94,ETH
2023-12-29,2321.375,827517118.66,ETH
2023-12-30,2295.48,401063000.08,ETH
2023-12-31,2289.62,470583638.73,ETH
2024-01-01,2308.96,402344005.13,ETH
2024-01-02,2388.1499999999996,822251765.93,ETH
2024-01-03,2238.8,1186045453.16,ETH
2024-01-04,2250.215,726479158.46,ETH
2024-01-05,2243.0,636927548.08,ETH
2024-01-06,2244.84,344776545.69,ETH
2024-01-07,2232.665,368349920.27,ETH
2024-01-08,2264.39,729642394.88,ETH
2024-01-09,2302.255,935753315.62,ETH
2024-01-10,2492.485,1859360455.9,ETH
2024-01-11,2628.7,1478952412.93,ETH
2024-01-12,2586.535,1587803065.78,ETH
2024-01-13,2543.3,789992067.14,ETH
2024-01-14,2523.625,554407683.57,ETH
2024-01-15,2510.325,532405002.36,ETH
2024-01-16,2556.015,665381293.48,ETH
2024-01-17,2548.76,546139971.58,ETH
2024-01-18,2485.415,747913574.26,ETH
2024-01-19,2457.39,743840311.23,ETH
2024-01-20,2471.325,283565628.23,ETH
2024-01-21,2466.25,207909134.54,ETH
2024-01-22,2383.17,908763742.8,ETH
2024-01-23,2257.27,1064700522.86,ETH
2024-01-24,2229.16,605305544.17,ETH
2024-01-25,2205.54,536955642.14,ETH
2024-01-26,2237.95,631732275.0,ETH
2024-01-27,2266.875,275424730.41,ETH
2024-01-28,2273.785,376754792.96,ETH
2024-01-29,2278.085,490260629.87,ETH
2024-01-30,2344.365,655413615.82,ETH
2024-01-31,2307.3149999999996,621018581.0,ETH
2024-02-01,2275.09,495660912.66,ETH
2024-02-02,2301.94,441562111.31,ETH
2024-02-03,2310.27,222308235.56,ETH
2024-02-04,2288.3450000000003,326706078.21,ETH
2024-02-05,2301.9300000000003,456661905.21,ETH
2024-02-06,2344.1549999999997,718267813.82,ETH
2024-02-07,2413.1949999999997,652240112.9,ETH
2024-02-08,2436.795,846989854.44,ETH
2024-02-09,2471.505,1002058339.27,ETH
2024-02-10,2495.3599999999997,376068111.04,ETH
2024-02-11,2517.545,421659247.33,ETH
2024-02-12,2569.545,833389992.06,ETH
2024-02-13,2638.9849999999997,1025294105.03,ETH
2024-02-14,2704.11,980680072.11,ETH
2024-02-15,2815.165,1118227404.91,ETH
2024-02-16,2802.115,896210606.48,ETH
2024-02-17,2763.2799999999997,458634232.92,ETH
2024-02-18,2831.125,610424136.56,ETH
2024-02-19,2920.92,953161117.46,ETH
2024-02-20,2953.545,1285168708.83,ETH
2024-02-21,2943.2,1221365901.95,ETH
2024-02-22,2970.855,1186610554.8,ETH
2024-02-23,2949.005,792750968.62,ETH
2024-02-24,2956.035,429496146.2,ETH
2024-02-25,3051.67,812148194.41,ETH
2024-02-26,3117.45,1171482366.27,ETH
2024-02-27,3228.1400000000003,1211227367.65,ETH
2024-02-28,3342.54,1707770843.75,ETH
2024-02-29,3412.1800000000003,1367994605.43,ETH
2024-03-01,3397.3450000000003,823506213.17,ETH
2024-03-02,3430.08,524944019.98,ETH
2024-03-03,3429.385,598632307.05,ETH
2024-03-04,3539.975,1340904406.6,ETH
2024-03-05,3517.105,2637640132.83,ETH
2024-03-06,3702.4049999999997,1849427331.22,ETH
2024-03-07,3838.495,1132011899.65,ETH
2024-03-08,3914.2349999999997,1412263227.04,ETH
2024-03-09,3915.415,541613113.28,ETH
2024-03-10,3885.4350000000004,743460686.12,ETH
2024-03-11,3921.66,1493590506.66,ETH
2024-03-12,3962.41,1526774188.85,ETH
2024-03-13,4009.13,1150784389.88,ETH
2024-03-14,3866.08,1466371721.53,ETH
2024-03-15,3749.605,1806124095.18,ETH
2024-03-16,3624.085,1048207664.08,ETH
2024-03-17,3544.25,975546606.2,ETH
2024-03-18,3548.46,1071170431.07,ETH
2024-03-19,3348.09,1943259863.05,ETH
2024-03-20,3296.9449999999997,2169017019.63,ETH
2024-03-21,3499.105,1410320174.21,ETH
2024-03-22,3396.56,1374192771.15,ETH
2024-03-23,3353.605,846213410.27,ETH
2024-03-24,3385.7,700715597.16,ETH
2024-03-25,3540.11,1232616949.46,ETH
2024-03-26,3612.555,1092361093.56,ETH
2024-03-27,3562.225,1173800981.61,ETH
2024-03-28,3537.3,991858231.33,ETH
2024-03-29,3529.325,710475049.61,ETH
2024-03-30,3527.855,538809534.91,ETH
2024-03-31,3580.59,566598172.38,ETH
2024-04-01,3530.4049999999997,934917050.13,ETH
2024-04-02,3360.315,1350633378.51,ETH
2024-04-03,3286.2799999999997,997504814.36,ETH
2024-04-04,3348.465,1024032112.02,ETH
2024-04-05,3280.0249999999996,991902873.76,ETH
2024-04-06,3353.7,504501846.56,ETH
2024-04-07,3402.54,522076832.37,ETH
2024-04-08,3567.94,1257790924.33,ETH
2024-04-09,3589.455,1184278583.93,ETH
2024-04-10,3487.6850000000004,1006631402.92,ETH
2024-04-11,3545.495,796534108.67,ETH
2024-04-12,3324.2,1387659435.48,ETH
2024-04-13,3067.115,1908312548.54,ETH
2024-04-14,3043.7349999999997,1464413624.74,ETH
2024-04-15,3153.295,1244925295.21,ETH
2024-04-16,3059.88,1102919090.86,ETH
2024-04-17,3019.24,978463368.36,ETH
2024-04-18,3024.4750000000004,873530402.2,ETH
2024-04-19,2997.3,1045944600.77,ETH
2024-04-20,3096.09,516137769.98,ETH
2024-04-21,3158.075,470671773.32,ETH
2024-04-22,3183.755,669498961.12,ETH
2024-04-23,3209.3599999999997,685076398.96,ETH
2024-04-24,3198.6,864542926.86,ETH
2024-04-25,3131.86,882134092.22,ETH
2024-04-26,3134.05,689663958.95,ETH
2024-04-27,3174.915,643382820.24,ETH
2024-04-28,3301.77,678357043.13,ETH
2024-04-29,3200.83,852862297.95,ETH
2024-04-30,3083.26,1098924247.19,ETH
2024-05-01,2917.58,1273126182.34,ETH
2024-05-02,2953.805,807841703.83,ETH
2024-05-03,3043.48,840705738.28,ETH
2024-05-04,3131.42,459744729.64,ETH
2024-05-05,3122.915,476413151.08,ETH
2024-05-06,3133.98,741977976.88,ETH
2024-05-07,3064.9300000000003,679034472.49,ETH
2024-05-08,2987.475,724279038.67,ETH
2024-05-09,3004.245,633874345.6,ETH
2024-05-10,2966.0150000000003,765131256.66,ETH
2024-05-11,2915.26,367160920.04,ETH
2024-05-12,2927.335,325974911.48,ETH
2024-05-13,2929.465,769541695.03,ETH
2024-05-14,2909.865,724637752.4,ETH
2024-05-15,2952.26,740315343.71,ETH
2024-05-16,2982.8199999999997,660576487.83,ETH
2024-05-17,3027.605,724015765.69,ETH
2024-05-18,3116.54,410558780.4,ETH
2024-05-19,3095.565,431923921.13,ETH
2024-05-20,3371.4449999999997,2059788024.65,ETH
2024-05-21,3732.305,2282068734.66,ETH
2024-05-22,3732.965,1420963880.22,ETH
2024-05-23,3745.5299999999997,2537742098.36,ETH
2024-05-24,3727.8900000000003,1074712165.87,ETH
2024-05-25,3743.0550000000003,373668589.73,ETH
2024-05-26,3806.9049999999997,616285834.19,ETH
2024-05-27,3897.835,804496436.45,ETH
2024-05-28,3847.9849999999997,898526969.71,ETH
2024-05-29,3812.035,873454576.08,ETH
2024-05-30,3762.385,781849408.11,ETH
2024-05-31,3782.535,851837584.52,ETH
2024-06-01,3789.2349999999997,367756459.88,ETH
2024-06-02,3792.715,466824951.42,ETH
2024-06-03,3803.96,653009594.07,ETH
2024-06-04,3781.825,612657331.91,ETH
2024-06-05,3833.06,652385687.52,ETH
2024-06-06,3818.9,540297339.89,ETH
2024-06-07,3712.0649999999996,935183066.83,ETH
2024-06-08,3684.43,294854677.9,ETH
2024-06-09,3694.0699999999997,238542651.45,ETH
2024-06-10,3678.21,423204164.35,ETH
2024-06-11,3546.065,1153310772.38,ETH
2024-06-12,3559.29,843561060.98,ETH
2024-06-13,3493.55,853785190.92,ETH
2024-06-14,3444.9449999999997,910398097.21,ETH
2024-06-15,3531.385,569541552.37,ETH
2024-06-16,3594.93,443668310.23,ETH
2024-06-17,3550.35,1040317235.48,ETH
2024-06-18,3437.8500000000004,1235708665.8,ETH
2024-06-19,3525.22,981355099.29,ETH
2024-06-20,3554.135,1013417559.96,ETH
2024-06-21,3495.355,997489348.48,ETH
2024-06-22,3497.135,322568484.7,ETH
2024-06-23,3462.62,447200216.36,ETH
2024-06-24,3335.575,1436399345.37,ETH
2024-06-25,3382.4,910221643.15,ETH
2024-06-26,3374.885,787394906.99,ETH
2024-06-27,3417.0150000000003,694115777.85,ETH
2024-06-28,3422.7200000000003,813695887.0,ETH
2024-06-29,3384.8,249697553.04,ETH
2024-06-30,3401.395,386215815.53,ETH
2024-07-01,3470.3050000000003,673689774.3,ETH
2024-07-02,3428.815,457927979.27,ETH
2024-07-03,3337.74,836070409.6,ETH
2024-07-04,3179.95,1049223019.3,ETH
2024-07-05,2960.645,1738218188.02,ETH
2024-07-06,3018.92,563019491.33,ETH
2024-07-07,2997.9849999999997,581743502.23,ETH
2024-07-08,2959.525,1324818646.47,ETH
2024-07-09,3058.335,827566369.94,ETH
2024-07-10,3087.66,827331929.61,ETH
2024-07-11,3135.9750000000004,959215308.08,ETH
2024-07-12,3101.8599999999997,816437009.68,ETH
2024-07-13,3158.88,452734839.69,ETH
2024-07-14,3216.915,576393568.87,ETH
2024-07-15,3365.04,1256447785.47,ETH
2024-07-16,3424.355,1311168548.22,ETH
2024-07-17,3447.6949999999997,1002846011.47,ETH
2024-07-18,3428.785,1008326515.58,ETH
2024-07-19,3459.3199999999997,1249532745.89,ETH
2024-07-20,3511.625,545578065.02,ETH
2024-07-21,3480.795,829407003.8,ETH
2024-07-22,3493.825,1021404115.3,ETH
2024-07-23,3465.93,1727769821.29,ETH
2024-07-24,3396.8,1276136904.66,ETH
2024-07-25,3214.535,1993255125.39,ETH
2024-07-26,3228.1499999999996,1143687551.64,ETH
2024-07-27,3259.855,870351113.68,ETH
2024-07-28,3241.3199999999997,552126414.21,ETH
2024-07-29,3326.795,1337423635.28,ETH
2024-07-30,3299.3599999999997,1159118253.15,ETH
2024-07-31,3280.37,1237697272.51,ETH
2024-08-01,3159.82,1539066982.82,ETH
2024-08-02,3089.73,1612368844.34,ETH
2024-08-03,2936.825,1156019177.73,ETH
2024-08-04,2782.245,1318526624.61,ETH
2024-08-05,2408.685,3591927547.03,ETH
2024-08-06,2485.705,1782189220.6,ETH
2024-08-07,2431.005,1768819066.35,ETH
2024-08-08,2523.355,1720305405.81,ETH
2024-08-09,2630.91,1254678742.58,ETH
2024-08-10,2611.73,566478754.71,ETH
2024-08-11,2630.73,895626363.13,ETH
2024-08-12,2630.58,1497872954.96,ETH
2024-08-13,2675.425,1193720774.03,ETH
2024-08-14,2707.2200000000003,1352456213.01,ETH
2024-08-15,2596.0299999999997,1339226674.49,ETH
2024-08-16,2591.475,1004141276.96,ETH
2024-08-17,2608.06,379457607.09,ETH
2024-08-18,2641.57,608760936.0,ETH
2024-08-19,2606.46,913374780.6,ETH
2024-08-20,2626.215,1027820178.53,ETH
2024-08-21,2600.825,1060404718.81,ETH
2024-08-22,2615.45,792847483.99,ETH
2024-08-23,2711.67,1227460805.08,ETH
2024-08-24,2777.855,687507298.7,ETH
2024-08-25,2764.315,544826991.77,ETH
2024-08-26,2715.61,983028927.22,ETH
2024-08-27,2548.83,1478097677.49,ETH
2024-08-28,2487.495,1805521537.98,ETH
2024-08-29,2551.2349999999997,1248564659.83,ETH
2024-08-30,2490.6,1350698797.75,ETH
2024-08-31,2513.025,405411435.18,ETH
2024-09-01,2457.785,965223692.27,ETH
2024-09-02,2493.79,1104998067.39,ETH
2024-09-03,2482.865,1002071915.38,ETH
2024-09-04,2398.675,1522896400.47,ETH
2024-09-05,2406.925,1211036915.11,ETH
2024-09-06,2279.35,2911433881.45,ETH
2024-09-07,2266.4849999999997,903055827.51,ETH
2024-09-08,2287.125,956132080.19,ETH
2024-09-09,2327.0550000000003,1706417888.46,ETH
2024-09-10,2360.545,1213946829.14,ETH
2024-09-11,2333.545,1893281252.44,ETH
2024-09-12,2353.715,1272153141.66,ETH
2024-09-13,2402.28,1341722179.48,ETH
2024-09-14,2411.435,553168350.76,ETH
2024-09-15,2357.8999999999996,939667666.73,ETH
2024-09-16,2293.95,1419906010.83,ETH
2024-09-17,2328.6800000000003,1250600523.86,ETH
2024-09-18,2327.0249999999996,1863106009.93,ETH
2024-09-19,2434.51,1631198496.45,ETH
2024-09-20,2505.38,1676058410.49,ETH
2024-09-21,2576.1549999999997,898249036.55,ETH
2024-09-22,2578.96,1119229049.35,ETH
2024-09-23,2621.93,2114026606.3,ETH
2024-09-24,2631.5699999999997,1489530217.0,ETH
2024-09-25,2614.21,1193419716.98,ETH
2024-09-26,2613.045,1671331616.32,ETH
2024-09-27,2672.4350000000004,1686949107.85,ETH
2024-09-28,2677.605,679092312.05,ETH
2024-09-29,2659.365,896401461.54,ETH
2024-09-30,2619.015,1764901279.49,ETH
2024-10-01,2535.5,2371417682.45,ETH
2024-10-02,2425.08,2135168461.41,ETH
2024-10-03,2356.06,1861233702.36,ETH
2024-10-04,2390.125,1466938297.17,ETH
2024-10-05,2409.08,550227220.41,ETH
2024-10-06,2432.29,602094342.62,ETH
2024-10-07,2461.895,1493722557.57,ETH
2024-10-08,2432.5550000000003,1377080732.7,ETH
2024-10-09,2410.895,1523323936.03,ETH
2024-10-10,2373.18,1537729729.42,ETH
2024-10-11,2425.79,1249706601.35,ETH
2024-10-12,2461.82,661111678.56,ETH
2024-10-13,2460.37,760699456.42,ETH
2024-10-14,2548.0299999999997,1776744305.84,ETH
2024-10-15,2612.0550000000003,1823524605.14,ETH
2024-10-16,2617.825,1233603929.17,ETH
2024-10-17,2611.265,1147142948.19,ETH
2024-10-18,2635.76,1183525663.73,ETH
2024-10-19,2647.08,416907551.95,ETH
2024-10-20,2697.0550000000003,908873436.8,ETH
2024-10-21,2710.9750000000004,1309809409.67,ETH
2024-10-22,2637.925,1231574569.37,ETH
2024-10-23,2537.035,1409947643.87,ETH
2024-10-24,2532.36,1317937404.35,ETH
2024-10-25,2472.3450000000003,1979249041.9,ETH
2024-10-26,2465.435,919877716.08,ETH
2024-10-27,2492.77,622733569.44,ETH
2024-10-28,2528.4799999999996,1563895675.64,ETH
2024-10-29,2620.6099999999997,1827635698.82,ETH
2024-10-30,2660.395,1596173816.57,ETH
2024-10-31,2584.265,1356038657.29,ETH
2024-11-01,2525.295,1361183545.79,ETH
2024-11-02,2496.27,493209504.13,ETH
2024-11-03,2452.985,1116194001.28,ETH
2024-11-04,2423.0649999999996,1188223675.72,ETH
2024-11-05,2429.38,1318124371.56,ETH
2024-11-06,2583.48,2568248687.47,ETH
2024-11-07,2810.9049999999997,2796153110.79,ETH
2024-11-08,2937.355,2534385795.77,ETH
2024-11-09,3057.7349999999997,2054533990.24,ETH
2024-11-10,3161.24,3390612974.74,ETH
2024-11-11,3249.75,4474444777.51,ETH
2024-11-12,3328.77,5174594924.83,ETH
2024-11-13,3230.115,5472868207.56,ETH
2024-11-14,3136.165,3442349717.01,ETH
2024-11-15,3072.815,3095289918.88,ETH
2024-11-16,3146.75,2242190060.83,ETH
2024-11-17,3098.535,2731030374.29,ETH
2024-11-18,3134.955,3307522653.43,ETH
2024-11-19,3146.3,2725538047.03,ETH
2024-11-20,3096.965,2847325391.97,ETH
2024-11-21,3212.8900000000003,4818916672.09,ETH
2024-11-22,3345.0550000000003,3631141762.22,ETH
2024-11-23,3408.795,3427409235.21,ETH
2024-11-24,3369.63,2391223534.12,ETH
2024-11-25,3425.5699999999997,5348045568.7,ETH
2024-11-26,3358.0699999999997,4105940785.22,ETH
2024-11-27,3494.81,3826715224.77,ETH
2024-11-28,3598.04,2431980739.66,ETH
2024-11-29,3592.63,2294777437.53,ETH
2024-11-30,3655.2799999999997,2207693328.33,ETH
2024-12-01,3705.05,2280739856.71,ETH
2024-12-02,3660.0699999999997,3830838282.74,ETH
2024-12-03,3586.51,3438318051.88,ETH
2024-12-04,3756.9399999999996,5638336910.75,ETH
2024-12-05,3821.085,5910223747.31,ETH
2024-12-06,3938.745,4407628437.66,ETH
2024-12-07,4001.9700000000003,1511812189.23,ETH
2024-12-08,3972.295,1406686505.66,ETH
2024-12-09,3763.68,5064825849.26,ETH
2024-12-10,3649.07,5597783203.75,ETH
2024-12-11,3708.3999999999996,3159616884.11,ETH
2024-12-12,3894.66,3885860560.96,ETH
2024-12-13,3911.8050000000003,2626819579.66,ETH
2024-12-14,3885.105,1580739900.2,ETH
2024-12-15,3902.535,1561831736.65,ETH
2024-12-16,3995.615,3800570708.81,ETH
2024-12-17,3944.95,3116969165.01,ETH
2024-12-18,3761.13,5182260876.45,ETH
2024-12-19,3521.5950000000003,6434804570.5,ETH
2024-12-20,3297.215,7390121010.87,ETH
2024-12-21,3422.46,3923463162.61,ETH
2024-12-22,3309.33,3448396650.54,ETH
2024-12-23,3338.2749999999996,4956901207.6,ETH
2024-12-24,3445.6,2711580953.17,ETH
2024-12-25,3491.0550000000003,1709235407.44,ETH
2024-12-26,3406.8450000000003,2568515605.11,ETH
2024-12-27,3370.2200000000003,2858674867.14,ETH
2024-12-28,3369.435,1304303831.05,ETH
2024-12-29,3364.06,1272748683.17,ETH
2024-12-30,3363.59,3169278070.97,ETH
2024-12-31,3378.5950000000003,2216564705.88,ETH
2025-01-01,3337.575,1456285978.13,ETH
